Unnamed: 0,Brand,Price,Body,Mileage,EngineV,Engine Type,Registration,Year,Model,Notes
430,VOLKSWAGEN,"$1,519.43",  sedan  ,248528.5,1.7,PETROL,no,2001,Volkswagen-Model1,
464,Renault ,800.0,sedan ,286871.0,3.6,Petrol,NO,1998,Renault-Model2,
329,Mercedes-Benz ,"$2,649.72",van,215045.0,2.9L,None,No,2002,Mercedes-Benz-Model3,
373,Mercedes-Benz,"$35,932.96",  crossover  ,37821.8,2.3,DIESEL,yes,2017,Mercedes-Benz-Model3,
221,Mitsubishi,7647.86,vagon,"164,922 km",3.9,gas,  Yes  ,2006,Mitsubishi-Model3,
158,MERCEDES-BENZ,16619.34,  hatch  ,"118,056 km",3.7,  Gas  ,Yes ,2010,Mercedes-Benz-Model3,
240,BMW,26187.52,VAGON,60425.4,1.8,Diesel,  Yes  ,2014,BMW-Model2,
88,mitsubishi,$800.00,-,373254.8,2.2,PETROL,NO,1990,Mitsubishi-Model1,
610,None,1049.4,VAN,"397,614 km",4.5,,No,1988,BMW-Model2,
96,RENAULT,2584.86,CROSSOVER,194711.2,3.9,petrol,No,2003,Renault-Model1,
469,AUDI,1926.64,HATCH,"249,601 km",1.9,petrol,no,2002,Audi-Model3,
512,bmw,6962.08,  hatch  ,144930.7,4.2,diesel,No,2007,BMW-Model2,to be reviewed
420,Volkswagen,1251.26,vagon,252831.8,3.9,GAS,No,1998,Volkswagen-Model2,
195,  BMW  ,"$5,391.80",VAGON,186781.7,99.9,,  Yes  ,2004,BMW-Model3,
316,Mitsubishi,7919.31,hatch,133781.4,1.2,petrol,Yes,2007,Mitsubishi-Model1,
153,volkswagen,1876.69,crossover ,283879.2,1.9,DIESEL,YES,1997,Volkswagen-Model2,
171,toyota,1671.34,  hatch  ,,3.9,Gas,NO,,Toyota-Model2,to be reviewed
93,MERCEDES-BENZ,23369.98,VAGON,110489.7,3.5,  Petrol  ,yes,2014,Mercedes-Benz-Model2,
198,AUDI,4951.91,,"220,103 km",,gas,YES,2003,Audi-Model3,
25,RENAULT,1826.61,hatch,384169.5,2.7,Petrol,YES,1989,Renault-Model3,
278,BMW,3019.58,  van  ,236776.8,3.0,  Diesel  ,YES,1998,BMW-Model1,
603,VOLKSWAGEN,20875.56,  vagon  ,"58,802 km",2.7,DIESEL,yes,2014,Volkswagen-Model1,
361,renault,1109.36,,288346.8,0.9,  Petrol  ,yes,1996,Renault-Model1,
421,renault,1020.17,van,300143.6,3.7,Gas,  No  ,1992,Renault-Model2,
575,Audi,800.0,  crossover  ,"281,931 km",1.9,Petrol,Yes,2101,Audi-Model3,
516,AUDI,1297.91,van,365605.4,4.3L,  Diesel  ,no,1991,Audi-Model1,
538,  Renault  ,1519.74,HATCH,268735.5,1.7,  Gas  ,No,1997,Renault-Model2,
188,renault,,van,"329,531 km",2.2L,Petrol ,no,1991,Renault-Model1,
628,,,,,,,,,,
129,  Volkswagen  ,1358.73,??,"220,634 km",3.0L,  Gas  ,No,1999,Volkswagen-Model3,
515,TOYOTA,22911.5,vagon,830 km,1.8,None,No ,2020,Toyota-Model3,
60,TOYOTA,800.0,CROSSOVER,"261,481 km",,Diesel ,yes,2001,Toyota-Model2,
104,Volkswagen,,crossover,380858.6,2.1,,NO,1989,Volkswagen-Model3,
92,Mitsubishi,,hatch,135573.2,4.3,Gas,  Yes  ,2008,Mitsubishi-Model3,to be reviewed
191,Volkswagen ,11021.86,  vagon  ,88668.3,4.3,Petrol,No,2012,Volkswagen-Model2,
294,renault,807.34,  hatch  ,"392,136 km",,diesel,NO,1988,Renault-Model1,
586,None,800.0,hatch,294146.5,2.6,  Petrol  ,yes,1995,Mercedes-Benz-Model2,
214,RENAULT,"$19,685.41",SEDAN,0.0,1.1L,Diesel,  No  ,2020,Renault-Model1,
296,  Volkswagen  ,5672.58,sedan,193681.0,4.0,petrol,No ,2007,Volkswagen-Model1,
128,  Mercedes-Benz  ,2475.83,hatch ,385430.9,2.2,PETROL,yes,1988,Mercedes-Benz-Model3,
366,Toyota,30559.51,VAGON,16576.5,0.9,DIESEL,YES,2020,Toyota-Model3,
401,Mitsubishi,10194.63,van,93804.0,,Petrol,no,2012,Mitsubishi-Model3,
26,TOYOTA,1293.54,crossover,399059.7,4.1,  Petrol  ,  Yes  ,1989,Toyota-Model1,
356,Mitsubishi,9336.12,sedan,116524.2,2.9,DIESEL,NO,2011,Mitsubishi-Model2,
357,toyota,6434.88,SEDAN,135057.6,3.9,diesel,No,2007,Toyota-Model3,
33,VOLKSWAGEN,24263.86,CROSSOVER,28079.6,1.0,gas,YES,2016,Volkswagen-Model1,
287,Mitsubishi,2599.8,  hatch  ,226985.8,1.1,Diesel,No ,1999,Mitsubishi-Model1,
272,BMW,800.0,VAN,226941.5,1.2,Petrol ,  No  ,2000,BMW-Model3,
95,Mercedes-Benz,"$1,571.97",vagon,300230.2,3.7,diesel,yes,1995,Mercedes-Benz-Model2,
394,AUDI,3026.04,  van  ,218933.6,3.1,Petrol,Yes ,2001,Audi-Model1,
510,Mercedes-Benz ,"$9,848.58",CROSSOVER,"138,770 km",2.5,,NO,2009,Mercedes-Benz-Model2,
144,Audi,800.0,VAN,213059.1,4.2L,PETROL,No,2001,Audi-Model1,
566,  Toyota  ,1216.63,sedan,310903.7,1.1,  Petrol  ,no,1993,Toyota-Model1,
137,,1383.56,  sedan  ,"372,465 km",,gas,Yes,1990,Renault-Model3,
150,MERCEDES-BENZ,2517.2,crossover,251091.5,4.3,gas,No,1998,Mercedes-Benz-Model1,
455,AUDI,"$2,162.87",sedan,325154.2,1.8,petrol,yes,1994,Audi-Model2,
606,MERCEDES-BENZ,11706.47,hatch,,1.4,petrol,NO,2011,Mercedes-Benz-Model1,
49,Toyota ,"$21,636.35",SEDAN,0.0,1.2,Diesel,NO,2020,Toyota-Model1,
39,  Mitsubishi  ,"$29,222.34",unknown,0.0,4.0,DIESEL,YES,2020,Mitsubishi-Model3,
461,Audi,15591.27,  crossover  ,87229.4,3.7L,PETROL,Yes,2009,Audi-Model2,
600,bmw,,VAN,0.0,1.0,Gas,YES,2018,BMW-Model1,
280,  Toyota  ,1354.76,hatch,"381,699 km",3.6,Gas,yes,1988,Toyota-Model2,to be reviewed
582,renault,"$2,046.06",hatch,224979.8,2.5,DIESEL,Yes,2000,Renault-Model1,
169,MERCEDES-BENZ,11938.1,van ,136624.2,1.8L,  Gas  ,Yes ,2007,Mercedes-Benz-Model2,
218,VOLKSWAGEN,"$19,823.03",crossover,26457.7,4.2,Diesel,NO,2019,Volkswagen-Model3,
458,Renault,"$20,023.24",SEDAN,34912.0,0.9,  Gas  ,yes,2015,Renault-Model2,
254,VOLKSWAGEN,887.74,None,325919.3,1.5,petrol,yes,1994,Volkswagen-Model2,
298,  Audi  ,12249.87,  van  ,82101.8,4.4,gas,NO,2011,Audi-Model1,
4,BMW ,38573.61,van,21095.4,1.6,petrol,  Yes  ,2019,BMW-Model2,
605,volkswagen,30908.15,SEDAN,689 km,2.5,gas,Yes ,2018,Volkswagen-Model1,
146,None,0,sedan,"164,789 km",1.7,  Diesel  ,yes,2007,Renault-Model3,
347,Audi ,$800.00,  crossover  ,365850.2,3.0,  Petrol  ,No ,1990,Audi-Model3,
220,Toyota ,15081.96,??,96163.8,2.1,Petrol,yes,2010,Toyota-Model3,to be reviewed
570,Mitsubishi ,11371.98,-,66385.8,2.4,Diesel,NO,2013,Mitsubishi-Model1,
149,renault,4442.31,hatch ,167928.9,1.3,Gas,YES,2005,Renault-Model1,
448,  Mercedes-Benz  ,807.33,hatch ,"232,798 km",1.5,PETROL,NO,2002,Mercedes-Benz-Model1,
386,Audi ,13486.73,VAGON,150596.1,4.0,Diesel,yes,2009,Audi-Model1,
503,BMW,6537.93,N/A,208951.0,1.4,petrol,Yes ,2003,BMW-Model1,
307,bmw,"$7,275.64",sedan ,,1.9,GAS,Yes,2004,BMW-Model2,
325,audi,37304.71,crossover ,30990.5,,gas,YES,2019,Audi-Model2,
620,  Mercedes-Benz  ,$954.56,vagon,"402,919 km",99.9,PETROL,No,1989,Mercedes-Benz-Model1,
61,Mercedes-Benz ,"$1,973.42",VAN,,1.5L,Gas,no,1995,Mercedes-Benz-Model1,
268,Mercedes-Benz,"$29,869.53",SEDAN,"3,433 km",2.9,Petrol ,NO,2020,Mercedes-Benz-Model2,
612,TOYOTA,1412.28,VAGON,"307,616 km",2.6,Gas ,NO,1991,Toyota-Model1,
585,Renault,"$8,977.75",  sedan  ,103581.7,2.6,Gas,NO,2010,Renault-Model1,
392,RENAULT,871.31,van,296822.8,4.1,gas,Yes,1994,Renault-Model3,
165,toyota,"$6,255.92",,182470.7,1.1,,yes,2005,Toyota-Model3,
358,BMW,"$1,890.30",VAGON,294540.8,1.4,Gas ,no,1999,BMW-Model3,
354,  Audi  ,23202.0,vagon,31495.3,4.2,GAS,No,2018,Audi-Model2,
250,  Audi  ,"$1,341.78",crossover,"230,512 km",2.7,GAS,No,1998,Audi-Model2,
155,mitsubishi,1992.45,hatch,"307,037 km",99.9,  Gas  ,YES,1995,Mitsubishi-Model2,
378,Mitsubishi ,1726.87,sedan,"233,068 km",3.8,Petrol,No ,2002,Mitsubishi-Model1,
482,MERCEDES-BENZ,18216.31,vagon,"97,112 km",3.6,Gas,Yes ,2011,Mercedes-Benz-Model2,
429,Mercedes-Benz ,"$18,581.56",hatch,137839.6,3.3,Diesel,yes,2011,Mercedes-Benz-Model3,to be reviewed
285,  BMW  ,$800.00,crossover,"311,948 km",4.2,gas,No,1994,BMW-Model2,
470,BMW,991.88,hatch ,254730.7,2.8L,petrol,yes,1998,BMW-Model1,
262,mercedes-benz,0,vagon,185928.4,1.1,DIESEL,No,2003,Mercedes-Benz-Model1,
243,MITSUBISHI,4313.67,vagon,136207.8,3.0,DIESEL,  No  ,2007,Mitsubishi-Model3,
247,renault,"$1,477.56",  sedan  ,336797.2,3.4L,  Gas  ,Yes,1994,Renault-Model1,
619,mercedes-benz,"$26,614.32",sedan,70360.9,3.1,diesel,yes,2014,Mercedes-Benz-Model3,
295,Volkswagen,14719.28,crossover,72073.2,2.4,Gas,No,2015,Volkswagen-Model3,
540,  Mitsubishi  ,"$4,120.73",CROSSOVER,197255.9,3.9,Gas,YES,2003,Mitsubishi-Model1,
11,Audi,16934.92,hatch ,80586.3,2.0,diesel,NO,2014,Audi-Model1,
109,  BMW  ,4345.77,  van  ,"176,617 km",2.2,GAS,yes,2002,BMW-Model3,
330,audi,4948.37,  van  ,208037.9,1.8L,unknown,no,2005,Audi-Model3,
317,AUDI,8527.17,van,"138,666 km",2.9,gas,No,2009,Audi-Model2,to be reviewed
376,,1763.2,sedan ,240997.8,1.6,Gas ,NO,1999,Mercedes-Benz-Model1,
406,Volkswagen,$800.00,SEDAN,329944.7,1.1,Diesel,no,1993,Volkswagen-Model3,
593,bmw,,CROSSOVER,,1.0,Petrol,NO,1993,BMW-Model2,
591,MERCEDES-BENZ,"$15,807.02",HATCH,125834.1,1.0,petrol,yes,2010,Mercedes-Benz-Model2,
297,AUDI,2114.25,crossover ,"246,640 km",2.9,Gas ,YES,2000,Audi-Model3,
57,mercedes-benz,12418.39,sedan ,159838.9,3.0,gas,  Yes  ,2009,Mercedes-Benz-Model1,
148,Renault ,14269.14,,27927.0,2.6,PETROL,no,2016,Renault-Model3,
179,VOLKSWAGEN,800.0,van ,303190.0,3.6,diesel,Yes,1993,Volkswagen-Model1,
2,Renault,800.0,VAN,347984.0,3.3,Petrol,no,1991,Renault-Model1,
301,BMW,,  vagon  ,44593.6,1.5,  Gas  ,Yes,2016,BMW-Model1,
490,BMW,4314.58,van ,225591.1,1.9,Diesel,No,2004,BMW-Model2,
534,MERCEDES-BENZ,2649.68,van ,310822.5,1.0,Diesel,NO,1994,Mercedes-Benz-Model3,
54,volkswagen,3982.17,SEDAN,181616.7,4.2,-,Yes ,2003,Volkswagen-Model3,
374,bmw,,vagon,"331,092 km",2.2L,gas,No ,1990,BMW-Model3,
56,mercedes-benz,800.0,vagon ,,4.2,Diesel,  No  ,1992,Mercedes-Benz-Model3,
183,BMW,37122.66,  vagon  ,"19,892 km",3.1,GAS,yes,2018,BMW-Model1,
70,mercedes-benz,0,sedan,287052.6,4.1,Petrol,NO,1993,Mercedes-Benz-Model1,
508,BMW,4087.16,sedan,259671.9,3.0,gas,Yes,2000,BMW-Model3,
217,VOLKSWAGEN,1431.55,hatch ,212109.0,1.0,  Gas  ,No,2000,Volkswagen-Model1,
229,MERCEDES-BENZ,19363.2,VAGON,99399.3,3.8,gas,YES,2011,Mercedes-Benz-Model3,
360,BMW,,van,171800.6,4.0,petrol,no,2005,BMW-Model3,
391,Volkswagen,8154.18,van,131559.2,1.3,  Petrol  ,No,2011,Volkswagen-Model1,
442,Volkswagen ,"$3,607.23",vagon,184860.2,1.8,PETROL,no,2004,Volkswagen-Model3,
507,volkswagen,21512.96,van ,93116.0,3.5,PETROL,Yes,2015,Volkswagen-Model2,to be reviewed
123,TOYOTA,1412.28,VAGON,"307,616 km",2.6,Gas ,NO,1991,Toyota-Model1,
552,,4786.2,  vagon  ,154711.2,3.8L,Petrol,no,2004,Renault-Model2,
602,TOYOTA,800.0,CROSSOVER,"261,481 km",,Diesel ,yes,2001,Toyota-Model2,
407,mitsubishi,3470.11,hatch,"348,173 km",2.7,petrol,yes,1990,Mitsubishi-Model1,
266,Volkswagen ,1512.28,VAN,328955.4,1.8,Petrol,Yes ,1995,Volkswagen-Model2,
53,MITSUBISHI,0,VAN,"316,869 km",2.1L,None,YES,1993,Mitsubishi-Model2,
253,Toyota,,  van  ,0.0,2.4,gas,,2020,Toyota-Model1,
597,BMW ,3381.02,HATCH,228370.5,0.9L,diesel,  Yes  ,2002,BMW-Model2,
203,  BMW  ,800.0,sedan,"238,882 km",3.2,Diesel ,no,2002,BMW-Model2,
315,Mercedes-Benz,"$1,390.28",  sedan  ,212648.8,0.9,  Gas  ,yes,2000,Mercedes-Benz-Model2,
239,RENAULT,7939.41,HATCH,83600.1,3.7,  Diesel  ,no,2010,Renault-Model3,
567,bmw,21563.64,VAN,"83,798 km",1.2,Petrol,yes,2012,BMW-Model3,
613,toyota,967.29,sedan,"267,756 km",3.9L,DIESEL,NO,1999,Toyota-Model2,
44,Volkswagen,2328.7,VAN,204400.4,3.4,Petrol,no,2003,Volkswagen-Model2,
424,renault,5388.37,sedan,,1.9L,diesel,No,2009,Renault-Model3,
143,BMW ,,crossover,19555.5,3.2,Diesel,  Yes  ,2019,BMW-Model3,
201,mitsubishi,$800.00,van,369421.9,3.2L,petrol,NO,1990,Mitsubishi-Model1,
139,BMW,2562.89,crossover,328612.0,3.3,DIESEL,,1996,BMW-Model2,
547,toyota,0,sedan ,138609.1,2.2,diesel,NO,2009,Toyota-Model3,
288,MITSUBISHI,8277.32,,113959.7,3.6L,gas,no,2012,Mitsubishi-Model3,
451,bmw,"$43,645.34",  hatch  ,7383.9,,Petrol,yes,2020,BMW-Model1,
207,mercedes-benz,"$1,383.84",vagon,364872.5,1.9,Petrol,YES,1988,Mercedes-Benz-Model1,
480,BMW,1144.73,vagon ,289761.1,2.0,gas,NO,1994,BMW-Model2,
568,MITSUBISHI,"$7,165.02",crossover,"91,528 km",3.8,Petrol ,NO,2011,Mitsubishi-Model3,
388,,"$20,568.25",sedan,84892.0,4.2,diesel,Yes ,2014,Volkswagen-Model1,
180,Renault,$800.00,hatch ,"293,187 km",2.2,N/A,No,1994,Renault-Model2,
9,Audi,"$1,124.49",vagon,346164.1,2.6,  Gas  ,no,1989,Audi-Model1,
184,Renault ,823.21,SEDAN,407831.6,3.6,Diesel,YES,1988,Renault-Model1,
6,audi,40332.05,van,9982.4,1.7,PETROL,yes,2020,Audi-Model1,
255,MITSUBISHI,9980.33,SEDAN,128650.9,1.4,gas,YES,2008,Mitsubishi-Model3,
204,MITSUBISHI,2546.08,hatch,"238,760 km",3.7,Diesel,YES,2002,Mitsubishi-Model3,
352,Volkswagen,800.0,crossover,228173.9,3.2L,Gas,no,2003,Volkswagen-Model1,
410,Audi ,37887.88,CROSSOVER,36512.3,4.4,Gas,yes,2020,Audi-Model2,
393,Mercedes-Benz,3125.82,hatch,287321.0,2.7,petrol,  Yes  ,1997,Mercedes-Benz-Model1,
230,BMW,12039.91,hatch,119217.4,2.0,  Petrol  ,No,2013,BMW-Model1,
174,bmw,800.0,hatch,315444.0,1.7,gas,no,1996,BMW-Model3,
83,MERCEDES-BENZ,26941.29,SEDAN,68502.4,4.5,gas,Yes,2014,Mercedes-Benz-Model2,
305,unknown,6592.84,crossover ,154505.4,4.1,PETROL,no,2009,Renault-Model1,
556,mitsubishi,10854.38,  hatch  ,75296.6,1.3,Petrol ,NO,2012,Mitsubishi-Model1,
563,  Volkswagen  ,1577.99,-,251565.7,3.5,diesel,No,2000,Volkswagen-Model3,
99,  Volkswagen  ,15132.24,VAN,92809.0,1.3,  Petrol  ,Yes,2011,Volkswagen-Model3,
124,  Volkswagen  ,0,crossover,118504.0,2.7L,diesel,YES,2010,Volkswagen-Model2,
574,N/A,,hatch,168599.7,4.0,GAS,No,2009,Renault-Model1,
437,Renault,"$1,657.49",van ,"244,768 km",2.9L,Petrol,NO,2000,Renault-Model3,
87,Volkswagen ,6287.08,vagon,130784.7,3.9,  Petrol  ,NO,2011,Volkswagen-Model3,
595,,"$2,639.59",sedan,273081.5,3.4,diesel,YES,1998,Volkswagen-Model1,
625,,,,,,,,,,
271,audi,1958.9,  sedan  ,258145.4,3.8,PETROL,No ,1995,Audi-Model2,
71,renault,800.0,vagon,229555.8,2.0,DIESEL,no,2001,Renault-Model2,
481,Toyota,32744.27,  crossover  ,0 km,1.3,Petrol ,YES,2020,Toyota-Model3,
615,mercedes-benz,22682.63,sedan,,1.8,petrol,  Yes  ,2013,Mercedes-Benz-Model1,
130,Mitsubishi,15942.85,vagon ,"98,196 km",3.8L,gas,Yes ,2012,Mitsubishi-Model2,
74,BMW,"$22,206.81",VAGON,41490.0,4.1,GAS,  No  ,2016,BMW-Model3,
136,BMW,16432.66,sedan ,"118,747 km",2.1,GAS,YES,2010,BMW-Model3,
569,Audi,"$39,420.08",crossover,3687.9,2.9L,diesel,  Yes  ,2020,Audi-Model3,
532,bmw,,VAN,0.0,1.0,Gas,YES,2018,BMW-Model1,
16,  BMW  ,3339.09,sedan,"282,896 km",2.3L,  Petrol  ,no,1997,BMW-Model1,
113,Volkswagen,25642.62,vagon,44053.3,2.0,diesel,YES,2016,Volkswagen-Model2,
7,Renault ,6184.35,  sedan  ,147730.1,1.3,??,no,2009,Renault-Model1,
173,Audi,"$14,080.17",SEDAN,"132,384 km",1.5,petrol,Yes,2009,Audi-Model1,
463,,1771.25,vagon,236269.8,3.1,Gas,Yes ,2001,Mercedes-Benz-Model2,
553,mitsubishi,$800.00,vagon,376701.0,3.7,Petrol,NO,1988,Mitsubishi-Model3,
291,  Renault  ,23049.26,hatch,0.0,2.9L,Petrol,Yes,2016,Renault-Model2,
375,Volkswagen,1002.23,VAGON,195794.0,1.9,diesel,  No  ,2001,Volkswagen-Model1,
259,renault,,van ,130452.6,2.3,PETROL,No,2007,Renault-Model1,
67,MITSUBISHI,"$1,550.38",crossover,"329,620 km",1.8L,diesel,yes,1996,Mitsubishi-Model3,
537,MERCEDES-BENZ,16095.18,SEDAN,139171.4,2.0,  Gas  ,Yes,2011,Mercedes-Benz-Model3,
471,mercedes-benz,23574.43,VAGON,78550.1,1.7,  Petrol  ,YES,2012,Mercedes-Benz-Model2,
571,  Mitsubishi  ,11041.47,crossover,113990.5,2.3,PETROL,Yes,2010,Mitsubishi-Model1,
474,MERCEDES-BENZ,11706.47,hatch,,1.4,petrol,NO,2011,Mercedes-Benz-Model1,
274,BMW,1720.61,  sedan  ,350655.6,4.1,Gas ,No,1990,BMW-Model3,
320,  Volkswagen  ,1723.99,crossover,331580.1,3.8,petrol,yes,1993,Volkswagen-Model3,
495,  Volkswagen  ,"$2,257.36",crossover,356413.2,4.2,Gas ,Yes,1991,Volkswagen-Model1,
433,Volkswagen,"$1,007.07",sedan,335286.6,4.0,petrol,Yes,1989,Volkswagen-Model2,
456,VOLKSWAGEN,2544.08,VAN,389633.0,2.0,Diesel ,Yes,1988,Volkswagen-Model1,
559,AUDI,"$19,866.49",vagon,50577.7,3.7,Diesel,No ,2016,Audi-Model1,
444,BMW,2720.87,  sedan  ,247971.2,3.3,DIESEL,yes,2001,BMW-Model3,
483,  Renault  ,"$2,159.33",hatch,384228.1,4.1,GAS,YES,1989,Renault-Model1,
199,toyota,1142.76,  sedan  ,375273.1,2.0,PETROL,NO,1989,Toyota-Model3,
487,,"$17,476.36",VAGON,79605.8,1.7,petrol,NO,2014,BMW-Model1,to be reviewed
431,  Toyota  ,1079.59,van,364419.5,2.3,gas,yes,1990,Toyota-Model2,
219,AUDI,2219.25,hatch,373773.2,1.3,  Petrol  ,NO,1990,Audi-Model3,
395,MITSUBISHI,"$1,338.65",  hatch  ,"307,391 km",4.5,Petrol ,No,1994,Mitsubishi-Model2,
121,toyota,13683.48,CROSSOVER,-5000,3.4L,GAS,  Yes  ,2011,Toyota-Model1,
529,mitsubishi,12566.93,VAGON,136105.1,99.9,GAS,Yes,2009,Mitsubishi-Model1,
389,AUDI,14050.09,  hatch  ,"129,859 km",3.5,Gas,yes,2009,Audi-Model2,
311,renault,$800.00,  vagon  ,-5000,1.1,diesel,YES,1992,Renault-Model3,
300,  Renault  ,1098.51,vagon ,"215,658 km",3.0,Petrol ,No,2002,Renault-Model3,
20,Mitsubishi,2874.78,van,"238,294 km",3.9,Diesel ,YES,2000,Mitsubishi-Model3,
533,audi,1127.76,  van  ,"353,256 km",,DIESEL,YES,1990,Audi-Model1,
210,Renault,20572.94,vagon,14353.0,1.5L,gas,YES,2016,Renault-Model2,
462,Toyota,,CROSSOVER,,4.4,  Diesel  ,  Yes  ,1995,Toyota-Model3,
445,VOLKSWAGEN,1893.1,,"398,005 km",3.6L,diesel,YES,1988,Volkswagen-Model3,
399,BMW,20007.87,HATCH,92926.4,3.4L,Gas ,yes,,BMW-Model1,
309,Renault,2839.85,VAGON,"152,427 km",3.4,petrol,NO,2005,Renault-Model3,to be reviewed
432,  Audi  ,2330.56,van,221369.5,2.1,gas,Yes,2001,Audi-Model3,
117,RENAULT,2576.17,hatch,169385.3,2.9,petrol,No,2004,Renault-Model1,
492,  Mitsubishi  ,,hatch,353996.1,1.4,Petrol,,1992,Mitsubishi-Model3,
276,,13166.36,hatch,114065.4,2.7,Diesel,Yes ,2010,Volkswagen-Model3,
282,Renault,9752.27,HATCH,-5000,1.4,gas,no,2013,Renault-Model1,
425,MITSUBISHI,4713.07,hatch,171293.2,4.3,GAS,no,2006,Mitsubishi-Model3,
486,MERCEDES-BENZ,39478.84,van,0 km,1.1,,YES,2018,Mercedes-Benz-Model2,
202,Volkswagen,21096.36,crossover,"14,613 km",1.0,GAS,  No  ,2019,Volkswagen-Model2,
105,toyota,1474.05,hatch,278341.5,2.1,petrol,No,1998,Toyota-Model2,
502,Volkswagen,"$1,325.35",None,191694.8,3.9L,gas,  Yes  ,2000,Volkswagen-Model1,
200,Toyota,"$5,938.81",,"193,424 km",1.8,GAS,yes,2004,Toyota-Model3,
616,audi,1958.9,  sedan  ,258145.4,3.8,PETROL,No ,1995,Audi-Model2,
517,Mitsubishi ,"$21,496.94",,30353.6,3.8,Petrol ,Yes,2017,Mitsubishi-Model3,
340,Mercedes-Benz,2794.07,VAGON,397290.1,2.2,Petrol,NO,1989,Mercedes-Benz-Model2,
86,Volkswagen,6468.36,unknown,146542.3,1.9,DIESEL,no,2007,Volkswagen-Model2,
551,volkswagen,21737.34,  crossover  ,"28,469 km",,DIESEL,  No  ,2019,Volkswagen-Model2,
402,VOLKSWAGEN,"$2,282.16",  sedan  ,"212,068 km",,  Petrol  ,No,2002,Volkswagen-Model3,
472,  BMW  ,11871.45,,102093.6,4.4L,petrol,No ,2011,BMW-Model2,
162,MITSUBISHI,"$2,337.55",vagon,277049.7,1.1,Diesel,  Yes  ,1998,Mitsubishi-Model2,
524,TOYOTA,10811.77,sedan,157368.6,1.1L,  Petrol  ,Yes,2010,Toyota-Model2,
135,  Mercedes-Benz  ,"$22,287.05",VAN,79926.4,2.6,Diesel,YES,2013,Mercedes-Benz-Model1,
539,MERCEDES-BENZ,"$5,479.74",VAN,159995.3,2.0,  Gas  ,NO,2005,Mercedes-Benz-Model1,
115,BMW,27917.41,hatch,0.0,4.1,,No ,2020,BMW-Model1,
491,Renault,20283.7,null,"61,846 km",3.0,PETROL,yes,,Renault-Model2,
223,volkswagen,"$1,598.19",sedan,"257,511 km",2.4,,yes,2000,Volkswagen-Model1,
519,mitsubishi,1226.99,,"307,176 km",,  Gas  ,yes,1992,Mitsubishi-Model1,
34,-,"$1,794.64",SEDAN,340679.0,3.9,Petrol ,No ,1995,Toyota-Model1,
327,audi,1798.19,van ,"347,600 km",1.8,Gas,NO,1991,Audi-Model1,to be reviewed
270,Audi,11500.26,HATCH,124173.4,,Petrol ,no,2010,Audi-Model2,
21,Toyota,800.0,crossover,364871.5,2.5,GAS,  Yes  ,1989,Toyota-Model2,
14,toyota,10654.46,van,115790.9,2.3L,diesel,NO,2013,Toyota-Model1,
348,  Renault  ,5160.21,crossover,131959.3,3.5,DIESEL,No,2008,Renault-Model2,
409,N/A,3693.98,HATCH,361324.1,3.0,DIESEL,  Yes  ,1988,Mercedes-Benz-Model3,
310,  Toyota  ,4448.32,  sedan  ,-5000,,  Petrol  ,Yes,1999,Toyota-Model1,
98,BMW,29514.43,SEDAN,56991.0,3.8,diesel,YES,2016,BMW-Model1,
560,mercedes-benz,0,  hatch  ,327358.1,4.2L,Petrol,No,1991,Mercedes-Benz-Model3,
607,MERCEDES-BENZ,-2500,vagon,74622.5,2.1,GAS,  Yes  ,2013,Mercedes-Benz-Model3,
94,BMW,3617.63,sedan,196222.1,3.5,Diesel ,yes,2001,BMW-Model1,
31,VOLKSWAGEN,0,SEDAN,214504.3,3.5,petrol,YES,2005,Volkswagen-Model1,
277,renault,,  vagon  ,224577.3,3.0,Gas,YES,2001,Renault-Model1,
175,volkswagen,8417.35,None,138232.7,,Diesel,no,2009,Volkswagen-Model2,
106,  Mitsubishi  ,1344.08,  hatch  ,381080.3,2.4,Petrol,YES,1991,Mitsubishi-Model3,
251,,17495.4,  sedan  ,"100,807 km",3.2,Gas ,Yes ,2010,Mercedes-Benz-Model1,
588,BMW,"$13,403.94",sedan ,102262.5,2.9L,  Petrol  ,no,2012,BMW-Model2,
334,??,"$1,766.36",crossover,239585.0,1.3L,DIESEL,No ,2001,Renault-Model1,
344,MERCEDES-BENZ,1865.36,  van  ,"262,029 km",1.6,  Diesel  ,  Yes  ,1999,Mercedes-Benz-Model1,
365,BMW ,22191.13,van,41193.4,1.7,Gas,NO,2017,BMW-Model1,
304,Toyota,"$23,489.78",CROSSOVER,49490.0,0.8L,Petrol,YES,2015,Toyota-Model1,
417,audi,3891.27,  hatch  ,257225.5,,Petrol ,Yes,1998,Audi-Model3,
525,mercedes-benz,9482.7,crossover,,1.6L,diesel,NO,2007,Mercedes-Benz-Model1,
494,MERCEDES-BENZ,15806.87,vagon ,100604.7,1.1,petrol,NO,2012,Mercedes-Benz-Model2,
499,  BMW  ,"$11,605.89",vagon,,2.0,Gas ,no,2009,BMW-Model1,
484,Audi ,11521.25,  vagon  ,"133,377 km",3.1,Petrol,yes,2007,Audi-Model3,
339,Volkswagen,800.0,,356064.9,2.8,Diesel,yes,1991,Volkswagen-Model2,
381,MERCEDES-BENZ,13865.79,vagon,100034.1,,Petrol ,No ,2012,Mercedes-Benz-Model1,
488,  Mercedes-Benz  ,25560.93,van ,33857.6,2.9L,DIESEL,NO,2018,Mercedes-Benz-Model1,
293,Audi ,"$40,515.92",sedan,,3.6L,GAS,YES,2020,Audi-Model1,to be reviewed
324,  Renault  ,,hatch,169447.1,3.3,  Petrol  ,Yes,2005,Renault-Model1,
101,Volkswagen ,15217.17,HATCH,40663.0,0.8L,petrol,NO,2014,Volkswagen-Model2,
390,bmw,0,  sedan  ,292180.7,1.0,PETROL,yes,1997,BMW-Model1,
55,volkswagen,30908.15,SEDAN,689 km,2.5,gas,Yes ,2018,Volkswagen-Model1,
68,renault,0,crossover ,151350.3,,DIESEL,  Yes  ,2007,Renault-Model1,
41,Audi,"$12,617.35",sedan,140777.3,3.8,Diesel,  Yes  ,2009,Audi-Model1,
85,RENAULT,"$16,307.77",VAGON,21083.3,3.9,diesel,no,2016,Renault-Model1,
438,MITSUBISHI,"$1,837.71",CROSSOVER,374662.6,,GAS,Yes,1989,Mitsubishi-Model3,
134,N/A,19268.58,hatch ,-5000,0.9L,Diesel,no,2018,Volkswagen-Model3,
196,  Mitsubishi  ,14492.99,crossover,103264.2,1.5,Petrol,  Yes  ,2013,Mitsubishi-Model2,
369,Volkswagen,20221.99,unknown,"86,480 km",1.6,GAS,yes,2014,Volkswagen-Model3,
216,Renault,,hatch ,335370.9,3.6,Petrol,YES,1993,Renault-Model1,
284,  Toyota  ,,VAN,"256,963 km",4.4,diesel,No,1998,Toyota-Model2,to be reviewed
147,  Mercedes-Benz  ,"$17,840.19",  vagon  ,105071.3,3.2,Petrol,yes,2010,Mercedes-Benz-Model3,
111,BMW,"$11,426.65",  van  ,143000.6,99.9,  Gas  ,  Yes  ,2008,BMW-Model2,
513,BMW,29608.06,CROSSOVER,0 km,1.1,  Petrol  ,NO,2020,BMW-Model1,
545,bmw,"$25,048.13",van,70311.6,2.7,Diesel,yes,2014,BMW-Model2,
477,mercedes-benz,"$22,538.59",sedan,51363.5,1.3,  Diesel  ,NO,2016,Mercedes-Benz-Model1,
522,MITSUBISHI,27893.33,hatch,17306.6,1.2,gas,YES,2019,Mitsubishi-Model2,
624,BMW,"$4,539.99",vagon,"151,149 km",99.9,Diesel,NO,2004,BMW-Model2,
267,None,1049.4,VAN,"397,614 km",4.5,,No,1988,BMW-Model2,
440,Mercedes-Benz,"$36,668.69",crossover,26767.6,2.5,Diesel,yes,2017,Mercedes-Benz-Model2,to be reviewed
12,mercedes-benz,2486.64,  hatch  ,354280.6,2.5,petrol,YES,1988,Mercedes-Benz-Model2,
62,mercedes-benz,"$16,709.13",SEDAN,"64,724 km",,diesel,no,2013,Mercedes-Benz-Model2,
170,renault,4158.32,,181763.0,3.4L,gas,,2004,Renault-Model2,
181,VOLKSWAGEN,19393.33,CROSSOVER,78843.5,2.3,  Diesel  ,  Yes  ,2014,Volkswagen-Model1,
192,renault,"$2,391.22",,194394.4,1.1L,Diesel,No,2005,Renault-Model1,
189,mercedes-benz,"$26,614.32",sedan,70360.9,3.1,diesel,yes,2014,Mercedes-Benz-Model3,
112,renault,19497.26,vagon,"46,284 km",3.2L,  Diesel  ,YES,2015,Renault-Model1,
102,Volkswagen,862.47,vagon ,280162.1,2.5L,PETROL,  No  ,1994,Volkswagen-Model3,to be reviewed
77,Mercedes-Benz,11985.46,van,"147,603 km",4.4,petrol,Yes,2007,Mercedes-Benz-Model1,
190,Audi,16011.86,crossover ,98383.6,,DIESEL,YES,2009,Audi-Model2,
346,AUDI,4638.52,HATCH,200435.7,1.1L,  Petrol  ,no,2005,Audi-Model3,
52,BMW,29586.0,  van  ,0.0,99.9,  Gas  ,No,2020,BMW-Model1,
28,Toyota ,16279.57,hatch,"32,529 km",,  Petrol  ,No,2017,Toyota-Model3,
65,BMW,"$3,977.47",crossover,"217,672 km",1.3,gas,Yes,2003,BMW-Model2,
453,bmw,23589.87,,32717.6,1.2,Gas ,NO,2017,BMW-Model3,
290,BMW ,25588.06,N/A,-5000,1.4,  Diesel  ,  No  ,2019,BMW-Model1,
467,Mercedes-Benz ,,van,,3.6,Petrol,NO,2020,Mercedes-Benz-Model1,
548,,"$9,480.37",sedan ,118388.8,2.0,Petrol ,No,2010,Volkswagen-Model3,
82,Volkswagen,"$12,945.73",HATCH,84290.9,4.3,  Petrol  ,No,2014,Volkswagen-Model1,
308,BMW,"$1,325.83",SEDAN,,3.6,  Diesel  ,yes,1992,BMW-Model3,
411,bmw,20080.54,van,90970.4,3.1,gas,No ,2016,BMW-Model3,
159,BMW ,"$16,249.27",crossover,"69,702 km",2.7,Gas,NO,2014,BMW-Model3,
372,  Audi  ,2931.72,hatch,"213,085 km",2.7,petrol,yes,2001,Audi-Model3,
244,Mercedes-Benz,3677.66,SEDAN,"222,064 km",3.7L,diesel,No,2003,Mercedes-Benz-Model1,to be reviewed
562,MITSUBISHI,25130.19,sedan,22743.2,1.5,Gas ,YES,2019,Mitsubishi-Model3,
353,  Toyota  ,2077.96,  van  ,319274.6,2.2,DIESEL,  No  ,1992,Toyota-Model2,
126,N/A,2271.69,??,395279.3,3.4,Diesel,  No  ,1988,Mercedes-Benz-Model3,
232,AUDI,$800.00,  sedan  ,"259,278 km",3.2,Diesel,  No  ,1998,Audi-Model2,
211,volkswagen,,crossover,219190.6,3.2,Diesel,YES,2004,Volkswagen-Model3,
322,mercedes-benz,22682.63,sedan,,1.8,petrol,  Yes  ,2013,Mercedes-Benz-Model1,
479,mitsubishi,1480.11,crossover,"306,619 km",1.6,Petrol,Yes,1993,Mitsubishi-Model1,
292,MERCEDES-BENZ,"$3,120.63",  hatch  ,396601.2,3.4,,  No  ,1988,Mercedes-Benz-Model1,
212,BMW,,hatch,"162,863 km",99.9,Gas,,2006,BMW-Model2,
419,toyota,,sedan,"130,008 km",3.2,unknown,no,2011,Toyota-Model1,
103,,17986.62,vagon ,"97,000 km",1.8L,gas,NO,2014,Mercedes-Benz-Model3,
485,MERCEDES-BENZ,2163.07,sedan,238714.5,,??,No ,2002,Mercedes-Benz-Model3,
349,  Mitsubishi  ,3955.79,hatch,188946.3,,gas,  Yes  ,2003,Mitsubishi-Model2,
359,Renault,7626.49,,108238.3,3.6,  Gas  ,NO,2009,Renault-Model2,
333,mercedes-benz,2466.43,hatch ,364921.1,3.3L,gas,Yes,1989,Mercedes-Benz-Model1,
476,toyota,32179.63,SEDAN,0.0,1.9,DIESEL,yes,2019,Toyota-Model1,
8,Audi ,1995.15,vagon,377712.6,3.3,  Gas  ,Yes ,1991,Audi-Model2,
258,BMW,"$4,539.99",vagon,"151,149 km",99.9,Diesel,NO,2004,BMW-Model2,
228,Renault,9490.92,VAGON,113015.0,1.7,  Gas  ,No,2013,Renault-Model2,
237,TOYOTA,"$5,212.32",CROSSOVER,185740.4,4.0L,  Diesel  ,  Yes  ,2006,Toyota-Model2,
577,Toyota,17901.25,hatch,,1.9,Gas,NO,2018,Toyota-Model3,
182,Toyota,800.0,van,,3.7,Gas ,yes,1995,Toyota-Model1,
609,  Toyota  ,18657.04,HATCH,10773.9,1.3,gas,no,2018,Toyota-Model3,
197,VOLKSWAGEN,$800.00,VAN,251927.7,3.0,Petrol ,yes,2001,Volkswagen-Model3,
281,,14308.35,HATCH,"155,576 km",3.6,gas,Yes,2009,Mercedes-Benz-Model3,
427,MERCEDES-BENZ,0,hatch,0.0,3.9,,Yes,2020,Mercedes-Benz-Model3,
601,mercedes-benz,"$3,851.49",vagon ,208015.3,4.2L,Petrol,no,2003,Mercedes-Benz-Model3,
558,  Toyota  ,"$1,954.89",hatch ,237338.3,1.0,Petrol,yes,2000,Toyota-Model2,
107,audi,-2500,  van  ,101860.0,4.2L,Petrol,YES,2010,Audi-Model2,
50,MERCEDES-BENZ,-2500,vagon,74622.5,2.1,GAS,  Yes  ,2013,Mercedes-Benz-Model3,
187,BMW,4594.51,sedan ,393546.7,3.8,  Petrol  ,yes,1988,BMW-Model2,
341,Mercedes-Benz,1519.69,van,,1.9,gas,no,1994,Mercedes-Benz-Model3,
164,audi,34907.54,van,,3.0,gas,yes,2018,Audi-Model2,
22,TOYOTA,4441.89,crossover,214207.0,1.3,diesel,yes,2002,Toyota-Model3,
318,VOLKSWAGEN,11932.37,CROSSOVER,143789.5,,Petrol,Yes ,2010,Volkswagen-Model2,
234,Audi,8704.47,  hatch  ,173598.2,1.8,  Gas  ,Yes ,2006,Audi-Model1,
168,BMW,2884.32,van,271290.3,4.0,PETROL,Yes,1999,BMW-Model3,
397,Mercedes-Benz,1256.58,van,-5000,3.9,GAS,Yes,1997,Mercedes-Benz-Model3,
355,VOLKSWAGEN,13924.96,-,140432.4,1.0L,Gas,yes,2011,Volkswagen-Model3,
69,Mercedes-Benz,"$35,324.91",van,23540.9,3.6,diesel,YES,2016,Mercedes-Benz-Model1,
186,  Renault  ,5326.16,,151011.1,1.0L,gas,Yes,2006,Renault-Model2,
521,  Renault  ,-2500,vagon,228270.7,1.7,diesel,Yes ,1999,Renault-Model3,
514,  Mercedes-Benz  ,24497.81,crossover,"42,614 km",3.9,PETROL,NO,2018,Mercedes-Benz-Model2,
387,Renault,1567.19,  van  ,292001.4,2.8,diesel,YES,1995,Renault-Model3,
396,bmw,"$3,022.97",vagon,"404,762 km",3.3L,Gas,YES,1988,BMW-Model1,
364,audi,"$15,364.36",sedan,70801.3,4.4,Petrol,  No  ,2012,Audi-Model1,
205,BMW,800.0,sedan,"366,473 km",,DIESEL,NO,1991,BMW-Model3,
351,volkswagen,"$6,539.07",  crossover  ,,1.8,gas,  No  ,2008,Volkswagen-Model2,
151,Mercedes-Benz,1365.74,sedan,255894.6,,Petrol ,no,1997,Mercedes-Benz-Model1,
527,VOLKSWAGEN,5143.24,  crossover  ,134753.0,,diesel,No,2007,Volkswagen-Model2,
565,VOLKSWAGEN,7339.64,crossover,162450.0,4.0,diesel,no,2009,Volkswagen-Model1,
29,Mercedes-Benz,"$33,769.77",  van  ,34713.0,3.2,None,YES,2016,Mercedes-Benz-Model1,
542,BMW,910.06,vagon,314270.7,,  Petrol  ,no,1993,BMW-Model2,to be reviewed
238,toyota,14064.27,sedan,36540.7,3.8,  Gas  ,No,2016,Toyota-Model3,
161,RENAULT,1010.15,crossover ,"271,978 km",1.9,Gas,  No  ,,Renault-Model1,
592,Toyota,"$22,069.43",unknown,84047.0,2.2,PETROL,Yes,2016,Toyota-Model1,
415,mercedes-benz,"$2,159.72",  van  ,209846.9,1.3,gas,No,2003,Mercedes-Benz-Model3,
400,mitsubishi,,vagon ,285125.2,4.4,gas,NO,1996,Mitsubishi-Model2,
323,  Mercedes-Benz  ,1901.5,HATCH,284188.7,4.1,Gas,Yes,1996,Mercedes-Benz-Model2,
116,BMW,,sedan,"235,315 km",1.7L,N/A,Yes,2000,BMW-Model1,
342,RENAULT,4378.84,  vagon  ,226492.4,2.7,DIESEL,YES,2003,Renault-Model3,
257,MITSUBISHI,"$4,210.90",SEDAN,-5000,3.5,Diesel,Yes,2003,Mitsubishi-Model2,
413,BMW,8496.7,van,126889.8,3.2,Diesel ,No ,2007,BMW-Model1,to be reviewed
541,Mitsubishi ,22823.8,hatch ,37383.5,4.0,,Yes,2017,Mitsubishi-Model3,
531,Toyota,"$5,432.53",crossover ,129133.3,1.3,gas,No,2008,Toyota-Model3,
379,MITSUBISHI,2666.75,sedan,374970.4,3.0,Gas,Yes,1990,Mitsubishi-Model2,
46,MERCEDES-BENZ,2122.31,  vagon  ,299468.0,4.5,Diesel,yes,1996,Mercedes-Benz-Model1,
3,VOLKSWAGEN,"$2,482.30",  sedan  ,"243,415 km",1.0,GAS,NO,1999,Volkswagen-Model3,
368,BMW,34807.13,vagon ,"31,677 km",1.9,Petrol ,yes,2017,BMW-Model1,
398,audi,800.0,sedan,"377,256 km",3.2,Petrol,No,1990,Audi-Model3,
235,volkswagen,21160.08,crossover,"5,424 km",2.7L,DIESEL,NO,2018,Volkswagen-Model3,
30,toyota,953.31,  van  ,,,  Gas  ,Yes,1991,Toyota-Model1,
154,Renault ,800.0,van ,255275.3,1.7,Gas,  No  ,2002,Renault-Model3,
350,Mercedes-Benz,"$1,902.62",hatch,310859.5,1.4L,Gas,YES,1993,Mercedes-Benz-Model3,
454,Mitsubishi ,1949.87,vagon,230903.9,2.5L,  Petrol  ,YES,1850,Mitsubishi-Model3,
434,renault,15678.11,sedan,83178.8,1.9,,Yes ,2013,Renault-Model1,
279,MERCEDES-BENZ,954.38,crossover,339499.1,1.4,DIESEL,No ,1993,Mercedes-Benz-Model3,
51,Mitsubishi ,6197.0,hatch,121439.3,,gas,  No  ,2008,Mitsubishi-Model1,
36,renault,5001.96,,139047.8,1.4,N/A,no,,Renault-Model2,
97,  Audi  ,2491.91,SEDAN,216631.9,,Diesel,No ,2003,Audi-Model1,
423,Audi,"$24,468.63",hatch ,73585.1,,Petrol,YES,2014,Audi-Model1,
13,Volkswagen ,$800.00,  crossover  ,"312,143 km",2.2,  Gas  ,No ,1996,Volkswagen-Model1,
163,renault,1466.23,  van  ,301259.6,4.2,Gas,Yes,1997,Renault-Model2,
58,N/A,1695.35,sedan ,283986.8,3.3L,diesel,  No  ,1994,Toyota-Model2,
63,BMW,800.0,CROSSOVER,257841.8,1.2,DIESEL,No ,1995,BMW-Model2,
233,BMW,"$27,180.82",VAGON,70850.4,1.3,gas,yes,2016,BMW-Model2,
447,  Toyota  ,18657.04,HATCH,10773.9,1.3,gas,no,2018,Toyota-Model3,
536,  Toyota  ,1897.41,van,259609.7,4.3,Gas,Yes,1997,Toyota-Model1,
412,toyota,32589.8,van ,0.0,1.7,GAS,Yes,2019,Toyota-Model3,
614,Renault,"$8,977.75",  sedan  ,103581.7,2.6,Gas,NO,2010,Renault-Model1,
405,TOYOTA,0,  vagon  ,51679.7,3.9,GAS,no,2017,Toyota-Model2,
265,  Mercedes-Benz  ,6871.45,hatch,"199,723 km",1.6,Diesel,  Yes  ,2004,Mercedes-Benz-Model2,
449,mitsubishi,$800.00,sedan,"382,364 km",2.2,Petrol,,1991,Mitsubishi-Model1,
384,MERCEDES-BENZ,1416.93,vagon,337138.8,,Diesel,No,1993,Mercedes-Benz-Model1,
404,,$800.00,  van  ,371634.4,2.9,Diesel,No,1988,Renault-Model2,
78,Toyota,1520.25,van ,361337.0,4.2,petrol,YES,1989,Toyota-Model2,
45,Volkswagen,1502.34,vagon,208857.9,2.0L,Gas,No ,2001,Volkswagen-Model3,to be reviewed
371,volkswagen,-2500,vagon,151185.1,3.6,Gas,Yes,2007,Volkswagen-Model2,
331,Toyota,1577.02,SEDAN,"285,643 km",4.0L,Gas,NO,1997,Toyota-Model1,
157,renault,800.0,hatch,"404,291 km",4.3,Gas,NO,1988,Renault-Model3,
24,Toyota,800.0,hatch,318596.5,2.5,diesel,no,1993,Toyota-Model1,
473,Audi,"$4,286.89",HATCH,216490.3,1.5,Gas,Yes,2003,Audi-Model1,
436,  Renault  ,9576.74,VAN,119651.4,0.9,DIESEL,Yes,2009,Renault-Model1,
256,None,1735.75,van,,1.7,PETROL,No,2000,BMW-Model3,
382,toyota,17856.44,hatch,87731.8,1.1L,GAS,yes,2015,Toyota-Model3,
573,Renault,"$6,392.32",  sedan  ,118593.0,4.5L,Gas,  No  ,2009,Renault-Model1,
511,MERCEDES-BENZ,2441.89,vagon,258696.7,1.2,Gas ,yes,1999,Mercedes-Benz-Model1,
572,Toyota,1661.1,vagon,332002.5,4.2,PETROL,yes,1993,Toyota-Model2,
289,unknown,"$1,882.79",crossover,332532.5,3.9,Petrol,Yes,1990,Audi-Model2,
520,unknown,12955.5,VAGON,"117,199 km",,Diesel,,2011,Mercedes-Benz-Model2,
478,TOYOTA,854.29,hatch,284049.8,,GAS,  No  ,1995,Toyota-Model3,
122,Audi ,6650.82,van ,173872.1,,DIESEL,no,2008,Audi-Model3,
319,  Toyota  ,800.0,VAGON,265223.4,1.2L,-,no,1998,Toyota-Model3,
598,AUDI,10139.68,crossover,122323.8,2.4,Petrol ,no,2009,Audi-Model1,
66,BMW,"$3,027.89",vagon ,"329,412 km",1.9,gas,Yes,1993,BMW-Model3,
194,AUDI,-2500,van,"106,243 km",3.0L,Petrol,,2012,Audi-Model3,
177,audi,1962.43,unknown,362520.6,,petrol,,1990,Audi-Model2,
206,None,2238.5,van,311563.5,4.0L,gas,no,1994,Audi-Model2,
127,TOYOTA,2801.41,VAN,201362.4,1.7L,GAS,NO,2003,Toyota-Model1,
176,toyota,22767.25,CROSSOVER,0 km,2.8,gas,NO,2020,Toyota-Model1,
336,renault,800.0,hatch,370942.4,3.8,PETROL,NO,1989,Renault-Model2,
489,  Audi  ,915.54,vagon,314135.2,2.3,PETROL,YES,1996,Audi-Model1,to be reviewed
528,Mitsubishi,800.0,hatch,358444.5,1.0,Diesel,Yes,1991,Mitsubishi-Model2,
0,Audi,"$1,436.91",HATCH,366429.5,4.4,  Diesel  ,Yes,1992,Audi-Model1,
226,Renault,915.6,VAN,"270,416 km",2.3,  Diesel  ,No ,1998,Renault-Model3,
596,bmw,43424.67,VAN,0.0,4.0,GAS,yes,2020,BMW-Model2,
589,AUDI,891.11,VAN,273328.7,3.3L,Petrol,YES,1998,Audi-Model2,
249,mitsubishi,6388.74,SEDAN,116744.8,4.3,petrol,NO,2008,Mitsubishi-Model3,
377,Renault,1119.6,crossover ,293742.9,2.4,  Petrol  ,yes,1997,Renault-Model1,
108,Mitsubishi,1568.68,hatch,"331,412 km",2.4,DIESEL,Yes,1990,Mitsubishi-Model2,
426,bmw,27778.71,  van  ,"72,883 km",1.9,gas,Yes,2015,BMW-Model1,
193,Audi,6501.78,hatch,,1.6,  Gas  ,Yes,2005,Audi-Model2,
5,AUDI,"$4,348.48",crossover,217478.1,0.9,petrol,yes,2003,Audi-Model2,
260,MERCEDES-BENZ,"$1,511.09",hatch,290222.5,1.3,diesel,no,1999,Mercedes-Benz-Model2,
590,,,  van  ,"8,144 km",3.8,GAS,YES,2019,Volkswagen-Model2,
313,VOLKSWAGEN,2360.62,vagon,374075.2,1.6,  Diesel  ,  Yes  ,1989,Volkswagen-Model3,
557,AUDI,2348.32,SEDAN,264010.3,2.7,Petrol ,  Yes  ,1998,Audi-Model1,
587,Toyota,800.0,sedan,324092.0,4.1,  Petrol  ,,1995,Toyota-Model3,to be reviewed
59,Toyota,"$8,927.51",vagon,173105.1,1.3,N/A,yes,2007,Toyota-Model3,
345,Volkswagen,13211.48,crossover,"106,696 km",99.9,Diesel,YES,2010,Volkswagen-Model1,
47,BMW ,"$2,684.58",VAGON,231552.1,4.0,GAS,no,2003,BMW-Model1,
544,AUDI,"$7,176.57",VAN,,3.1,DIESEL,NO,2007,Audi-Model2,to be reviewed
302,  Renault  ,10607.21,van,67299.3,3.7,PETROL,no,2013,Renault-Model1,to be reviewed
500,mitsubishi,3109.4,VAGON,261443.2,3.0,  Gas  ,yes,1998,Mitsubishi-Model3,
457,Volkswagen,1205.97,vagon ,"230,116 km",2.2L,Diesel,No,2001,Volkswagen-Model1,
120,Mitsubishi,"$4,272.26",  crossover  ,"166,531 km",2.1,diesel,Yes,2004,Mitsubishi-Model2,
286,BMW ,3330.17,CROSSOVER,"174,640 km",2.9,Petrol ,NO,2004,BMW-Model2,
422,MITSUBISHI,800.0,sedan,385302.4,2.7,  Diesel  ,no,1988,Mitsubishi-Model2,
414,AUDI,"$7,474.05",  vagon  ,"183,262 km",3.7,  Petrol  ,YES,2005,Audi-Model2,
564,volkswagen,,,232687.0,2.7,,No,2000,Volkswagen-Model1,
246,mitsubishi,9415.27,VAN,"85,330 km",3.0,Gas ,no,2012,Mitsubishi-Model1,
466,VOLKSWAGEN,5353.84,sedan ,138830.7,3.2,  Gas  ,NO,,Volkswagen-Model1,to be reviewed
535,TOYOTA,19066.58,hatch,"86,613 km",1.0,diesel,Yes ,2014,Toyota-Model1,
166,Renault,1779.58,sedan,254770.7,3.9,GAS,No,1997,Renault-Model2,
312,bmw,"$22,811.06",hatch,,1.9,Petrol,no,2017,BMW-Model2,
611,renault,1020.17,van,300143.6,3.7,Gas,  No  ,1992,Renault-Model2,
209,TOYOTA,29660.87,crossover,"9,981 km",2.7,diesel,Yes ,2018,Toyota-Model1,
523,volkswagen,"$9,061.23",vagon ,172579.5,3.8,Gas,,2008,Volkswagen-Model3,
222,Mitsubishi,2289.2,VAN,"214,780 km",1.7,PETROL,YES,2003,Mitsubishi-Model2,
299,Mercedes-Benz,4453.34,van,217193.3,2.1,GAS,  Yes  ,2002,Mercedes-Benz-Model2,
213,mercedes-benz,6184.61,HATCH,185786.2,2.3,Petrol,No,2006,Mercedes-Benz-Model1,
459,??,6564.36,hatch,124717.0,1.3,DIESEL,NO,2010,Renault-Model3,
118,  Audi  ,4505.83,VAN,199033.1,4.3,diesel,YES,2004,Audi-Model2,
460,Renault,1735.03,VAGON,193398.6,1.8,  Gas  ,no,2005,Renault-Model3,
626,,,,,,,,,,
383,mercedes-benz,,VAN,164831.2,,Gas,Yes,2006,Mercedes-Benz-Model1,
17,null,"$18,805.47",VAGON,27863.8,3.4,Diesel ,No ,2018,Mitsubishi-Model2,
555,  Toyota  ,1301.69,crossover,235146.8,2.1L,PETROL,,1997,Toyota-Model2,
497,volkswagen,1522.97,vagon ,199885.8,2.1,diesel,yes,2002,Volkswagen-Model2,
42,VOLKSWAGEN,5748.19,HATCH,169796.6,0.9,petrol,yes,2004,Volkswagen-Model1,
549,  Audi  ,2373.94,hatch ,,2.5,gas,yes,1997,Audi-Model3,to be reviewed
475,RENAULT,5188.47,vagon,173950.1,2.1,DIESEL,,2006,Renault-Model3,
581,bmw,13115.48,crossover,94412.6,,DIESEL,No,,BMW-Model3,
554,TOYOTA,,sedan,233722.3,1.0L,PETROL,,2001,Toyota-Model1,
622,bmw,,CROSSOVER,,1.0,Petrol,NO,1993,BMW-Model2,
76,MERCEDES-BENZ,"$1,087.03",crossover,279531.5,1.9,Gas,NO,1995,Mercedes-Benz-Model2,
526,BMW,1019.19,vagon ,363323.3,1.6,Gas,Yes,1991,BMW-Model2,
141,VOLKSWAGEN,20875.56,  vagon  ,"58,802 km",2.7,DIESEL,yes,2014,Volkswagen-Model1,
594,mercedes-benz,0,hatch,70021.4,2.0,Petrol ,no,2015,Mercedes-Benz-Model1,
73,Mitsubishi ,21613.5,,46122.3,2.1L,petrol,  Yes  ,2015,Mitsubishi-Model1,
306,AUDI,0,  van  ,24971.6,2.1L,GAS,  No  ,2019,Audi-Model3,
530,Mercedes-Benz ,0,CROSSOVER,21500.2,,petrol,yes,2019,Mercedes-Benz-Model2,
623,  Mitsubishi  ,"$29,222.34",unknown,0.0,4.0,DIESEL,YES,2020,Mitsubishi-Model3,
576,TOYOTA,833.86,van,,3.6,Gas,No ,2001,Toyota-Model3,
152,bmw,20476.54,SEDAN,"106,260 km",1.3,unknown,yes,2012,BMW-Model1,
32,toyota,6242.88,  crossover  ,"189,877 km",0.8,gas,Yes,2005,Toyota-Model3,
15,TOYOTA,2425.41,  hatch  ,,2.4,,No,1991,Toyota-Model3,
435,MITSUBISHI,4835.67,crossover,164572.8,4.1,GAS,no,2004,Mitsubishi-Model3,
498,MERCEDES-BENZ,7550.91,  hatch  ,187389.0,2.7L,Gas,  Yes  ,2005,Mercedes-Benz-Model3,
505,audi,,vagon,203874.2,,N/A,no,2004,Audi-Model1,
403,Renault,8235.69,sedan,"96,007 km",2.2L,DIESEL,No ,2009,Renault-Model2,
450,VOLKSWAGEN,2534.76,VAN,361773.6,2.0L,Diesel,NO,1990,Volkswagen-Model3,
35,audi,800.0,hatch,324524.5,1.3,Diesel,,1994,Audi-Model1,to be reviewed
225,mitsubishi,1563.84,,"321,351 km",1.6,,Yes,1995,Mitsubishi-Model1,
172,toyota,"$19,612.30",van,"10,311 km",2.5,Diesel,NO,2017,Toyota-Model3,
241,Toyota,4513.71,  van  ,167668.3,2.5L,petrol,no,2005,Toyota-Model2,
343,MERCEDES-BENZ,1677.35,van,"369,386 km",4.4,DIESEL,YES,1989,Mercedes-Benz-Model2,
156,Mercedes-Benz,3376.09,vagon,211082.3,1.5,GAS,Yes,2004,Mercedes-Benz-Model3,
561,Mitsubishi,16097.2,  van  ,0.0,2.4,petrol,no,2016,Mitsubishi-Model1,
550,Renault ,"$14,774.79",hatch,85992.0,3.0,DIESEL,Yes,2013,Renault-Model1,
506,,,sedan ,278452.8,4.3,gas,no,1996,Volkswagen-Model1,
617,toyota,6242.88,  crossover  ,"189,877 km",0.8,gas,Yes,2005,Toyota-Model3,
215,audi,2406.5,VAGON,224663.9,,Petrol,  No  ,2001,Audi-Model1,
208,BMW,30364.09,van,58196.0,,diesel,YES,2016,BMW-Model1,
64,audi,1770.32,sedan,353299.4,3.1,diesel,NO,1992,Audi-Model1,
10,mitsubishi,,crossover,76705.9,2.2L,PETROL,yes,2013,Mitsubishi-Model3,
178,Audi,,sedan,"224,226 km",2.2,Petrol,YES,2000,Audi-Model3,
252,mitsubishi,8938.8,SEDAN,148631.0,1.4,DIESEL,YES,,Mitsubishi-Model1,
261,Volkswagen,884.91,vagon,352211.2,1.5,Diesel,  No  ,2099,Volkswagen-Model2,
100,BMW,3154.82,,186506.7,2.1,GAS,No,2001,BMW-Model1,
167,Mitsubishi ,1326.82,HATCH,"367,778 km",3.2,GAS,no,1988,Mitsubishi-Model3,
314,RENAULT,3956.13,hatch,207338.3,3.5,diesel,  No  ,2005,Renault-Model3,
518,mitsubishi,"$1,160.53",CROSSOVER,"250,509 km",1.8L,Diesel,,1997,Mitsubishi-Model2,
543,,11114.77,hatch ,"133,992 km",,Gas,YES,2009,Toyota-Model2,
446,Mercedes-Benz,"$22,653.11",  hatch  ,16689.9,4.4,Diesel ,No,2016,Mercedes-Benz-Model1,
584,renault,1281.81,crossover,387224.9,,PETROL,yes,1988,Renault-Model3,
367,BMW,17000.0,CROSSOVER,54615.0,,GAS,NO,,BMW-Model1,
145,TOYOTA,9077.59,van,101537.8,1.8,Petrol,No ,2010,Toyota-Model2,
362,Renault ,$800.00,vagon,"333,135 km",1.4,diesel,  No  ,1990,Renault-Model2,
608,mercedes-benz,"$16,709.13",SEDAN,"64,724 km",,diesel,no,2013,Mercedes-Benz-Model2,
321,toyota,967.29,sedan,"267,756 km",3.9L,DIESEL,NO,1999,Toyota-Model2,
185,mercedes-benz,"$3,851.49",vagon ,208015.3,4.2L,Petrol,no,2003,Mercedes-Benz-Model3,
132,renault,"$1,717.88",sedan,191697.1,3.1L,Diesel,NO,1800,Renault-Model3,
119,MERCEDES-BENZ,"$13,914.75",crossover,88798.0,3.2,GAS,  No  ,2012,Mercedes-Benz-Model3,
618,MERCEDES-BENZ,"$15,807.02",HATCH,125834.1,1.0,petrol,yes,2010,Mercedes-Benz-Model2,
38,BMW,,SEDAN,385681.0,4.4,Diesel,No,1990,BMW-Model3,
493,Volkswagen ,26485.28,  sedan  ,,,Diesel,Yes,2019,Volkswagen-Model3,
578,BMW,800.0,van,270800.8,,diesel,No,1998,BMW-Model3,
338,mitsubishi,1867.6,hatch,343218.8,,Diesel,NO,1993,Mitsubishi-Model3,
84,RENAULT,9104.39,sedan ,"129,716 km",2.8,  Petrol  ,yes,2009,Renault-Model2,
224,Renault ,"$1,656.47",VAGON,316024.9,1.9,PETROL,no,1994,Renault-Model3,
19,  Mitsubishi  ,2523.49,van,206522.0,,diesel,YES,,Mitsubishi-Model3,
72,mercedes-benz,2137.11,VAN,"340,899 km",3.0,gas,yes,1993,Mercedes-Benz-Model2,
418,audi,7861.36,vagon,"166,153 km",,DIESEL,yes,2005,Audi-Model2,
75,BMW,2971.0,VAGON,359293.3,1.0,Petrol,  Yes  ,1988,BMW-Model2,
380,Renault,7024.14,van,150235.0,1.0,None,YES,2007,Renault-Model3,
385,unknown,3205.43,crossover,370881.3,3.8,Petrol ,YES,1988,Volkswagen-Model2,
452,  BMW  ,41869.91,  sedan  ,0.0,3.0,Gas,  Yes  ,2020,BMW-Model3,
264,mercedes-benz,25482.99,crossover,73390.6,3.8,DIESEL,Yes,2013,Mercedes-Benz-Model3,
40,  Mercedes-Benz  ,$954.56,vagon,"402,919 km",99.9,PETROL,No,1989,Mercedes-Benz-Model1,
428,Toyota ,5668.46,crossover,181528.9,1.4,  Petrol  ,  No  ,2005,Toyota-Model3,
160,mitsubishi,,sedan,342411.9,0.9,GAS,NO,1991,Mitsubishi-Model2,
110,mercedes-benz,21431.32,SEDAN,84227.3,2.9,Diesel,Yes,2012,Mercedes-Benz-Model1,to be reviewed
303,MERCEDES-BENZ,25184.0,crossover,67087.0,3.2,GAS,  Yes  ,2013,Mercedes-Benz-Model1,
599,BMW,7106.84,SEDAN,238551.7,1.9L,  Petrol  ,yes,2004,BMW-Model1,
48,AUDI,3207.09,crossover,221355.6,,DIESEL,NO,2003,Audi-Model2,
509,BMW,"$1,585.85",vagon,274064.7,1.4L,GAS,No,1996,BMW-Model2,
18,Mitsubishi,2122.63,,"229,826 km",,GAS,  Yes  ,2001,Mitsubishi-Model1,
43,audi,6299.61,VAGON,195563.7,1.0L,gas,YES,2005,Audi-Model3,
273,Renault ,25247.5,hatch,"23,051 km",1.8,gas,Yes ,2019,Renault-Model2,
443,TOYOTA,1208.33,VAGON,298685.4,1.3,Petrol ,  No  ,1996,Toyota-Model1,
90,Audi,"$1,649.43",CROSSOVER,368994.9,4.3,Petrol ,yes,1989,Audi-Model2,
275,BMW ,17690.64,SEDAN,100648.9,3.7,Diesel ,yes,2010,BMW-Model3,
114,toyota,12169.33,SEDAN,130730.5,,petrol,  Yes  ,2010,Toyota-Model1,
328,Mercedes-Benz,"$14,678.90",hatch,152435.6,,  Petrol  ,  Yes  ,2010,Mercedes-Benz-Model3,
580,  Toyota  ,,VAN,82912.5,3.5,,no,1700,Toyota-Model2,
465,  BMW  ,"$7,091.84",sedan ,155786.3,99.9,Gas ,YES,2004,BMW-Model1,
131,  Mercedes-Benz  ,1772.13,HATCH,"220,391 km",4.5,Petrol,No,2002,Mercedes-Benz-Model2,
1,BMW,4197.07,  sedan  ,"337,677 km",1.1,DIESEL,  No  ,1992,BMW-Model1,
227,Mitsubishi,13899.65,VAN,"125,106 km",,gas,yes,2013,Mitsubishi-Model2,
133,,2431.0,hatch ,244259.6,2.6,diesel,Yes,,BMW-Model2,
248,Mercedes-Benz,21257.11,vagon,,3.7,  Diesel  ,No ,2016,Mercedes-Benz-Model3,
283,BMW,1336.09,sedan,203254.3,2.8,Diesel,NO,2000,BMW-Model2,
496,Toyota,"$27,735.80",vagon,36693.8,,DIESEL,yes,2017,Toyota-Model1,
335,MITSUBISHI,$800.00,vagon,356071.0,3.7,Gas,no,1991,Mitsubishi-Model3,
439,  Renault  ,$800.00,van,"255,126 km",3.1,diesel,NO,1998,Renault-Model3,
263,  Renault  ,3802.64,hatch,198524.8,2.4,  Petrol  ,yes,2005,Renault-Model1,
142,VOLKSWAGEN,6030.69,VAN,"192,072 km",,PETROL,Yes,2006,Volkswagen-Model1,
245,BMW,"$6,491.22",sedan,178916.8,2.8,  Diesel  ,No,,BMW-Model3,to be reviewed
27,TOYOTA,4917.44,  hatch  ,210753.1,4.3L,,yes,2004,Toyota-Model3,to be reviewed
441,Toyota,19237.21,sedan,"6,297 km",2.9,Diesel,,2018,Toyota-Model2,
138,RENAULT,800.0,SEDAN,296069.2,3.0,GAS,No,1994,Renault-Model3,
363,Audi,2815.96,hatch,201846.0,1.8,  Diesel  ,YES,2000,Audi-Model1,
89,Volkswagen,8884.01,  crossover  ,"120,143 km",2.6,diesel,No ,2009,Volkswagen-Model2,
23,Mitsubishi,$800.00,SEDAN,300658.0,1.9,diesel,No ,1993,Mitsubishi-Model1,
79,Renault ,800.0,vagon,239995.7,2.7L,PETROL,NO,2002,Renault-Model2,
125,Volkswagen,1347.44,VAGON,370915.7,2.3,PETROL,YES,1988,Volkswagen-Model3,
242,  Audi  ,,  crossover  ,88833.9,1.3,  Diesel  ,NO,2013,Audi-Model3,to be reviewed
370,,1635.51,hatch,213128.6,2.5L,Gas ,no,2004,BMW-Model2,
326,Mitsubishi,18458.77,,31915.2,2.2L,Petrol,No,2019,Mitsubishi-Model1,
579,AUDI,11169.81,sedan,120435.8,1.8L,gas,No,2009,Audi-Model1,
504,BMW,2081.25,SEDAN,,4.1,petrol,  Yes  ,1993,BMW-Model2,
408,audi,14652.45,hatch,73314.3,1.8,Petrol,No,2013,Audi-Model3,
627,,,,,,,,,,to be reviewed
81,MERCEDES-BENZ,34228.11,crossover,36330.1,1.2L,petrol,Yes,2017,Mercedes-Benz-Model2,
468,audi,2726.37,crossover ,270383.7,0.9L,DIESEL,No,1999,Audi-Model2,
231,  BMW  ,800.0,van,368659.0,3.6,  Diesel  ,no,1990,BMW-Model1,
501,renault,"$2,711.79",hatch,232688.6,1.8L,,YES,2000,Renault-Model1,
37,volkswagen,16715.89,  vagon  ,104665.8,0.9L,  Diesel  ,,2012,Volkswagen-Model1,
140,AUDI,6772.64,sedan,166920.0,,Diesel,No,2006,Audi-Model3,
546,TOYOTA,21745.71,VAN,"4,598 km",4.5L,PETROL,No ,2020,Toyota-Model1,
236,Volkswagen,1481.67,VAGON,384752.2,1.6,Gas,no,1988,Volkswagen-Model2,
416,bmw,5298.17,vagon,170148.3,2.7L,diesel,NO,2005,BMW-Model3,
604,volkswagen,21737.34,  crossover  ,"28,469 km",,DIESEL,  No  ,2019,Volkswagen-Model2,
621,MITSUBISHI,4713.07,hatch,171293.2,4.3,GAS,no,2006,Mitsubishi-Model3,
583,  Toyota  ,1451.71,sedan ,260227.1,1.5L,Petrol,YES,2001,Toyota-Model1,
332,VOLKSWAGEN,34472.59,hatch,13987.4,2.9,unknown,  Yes  ,2020,Volkswagen-Model3,
269,Mercedes-Benz,16090.15,vagon,67934.5,4.4,  Diesel  ,  No  ,2013,Mercedes-Benz-Model1,
337,Renault,2255.1,crossover,229144.9,1.2,diesel,No,2200,Renault-Model2,
91,Mitsubishi,800.0,CROSSOVER,300277.4,2.7L,Diesel,No ,1996,Mitsubishi-Model3,
80,RENAULT,971.31,vagon,"236,049 km",1.0L,Diesel,NO,2000,Renault-Model2,
